accommodationRatingId,accommodationId,rating,ratingAccuracy,cleanliness,checkin,communication,location,value
1,18349413,73,8,7,9,10,9,7
2,45718304,0,0,0,0,0,0,0
3,30504069,87,9,9,10,10,9,9
4,33955620,0,0,0,0,0,0,0
5,16992991,100,10,10,10,10,10,9
6,6850630,100,10,10,10,10,10,10
7,45653419,0,0,0,0,0,0,0
8,374792,89,9,9,10,10,9,9
9,13620699,73,9,6,9,9,7,8
10,16263733,0,0,0,0,0,0,0
11,23769172,100,10,10,10,10,10,9
12,12733225,0,0,0,0,0,0,0
13,14624814,90,9,9,10,10,10,9
14,3581384,96,10,10,10,10,9,9
15,23325066,0,0,0,0,0,0,0
16,4307233,100,9,10,10,10,9,10
17,19028229,100,10,9,10,10,9,10
18,13759419,97,10,10,10,10,9,10
19,16842803,0,0,0,0,0,0,0
20,14541302,100,10,10,10,10,10,10
21,9969686,96,10,10,10,10,9,10
22,18044248,99,10,9,10,10,9,9
23,20780307,99,10,10,10,10,10,10
24,36327396,0,0,0,0,0,0,0
25,19323781,94,9,9,10,10,9,9
26,37614930,80,8,10,10,8,10,8
27,20007931,89,10,9,10,10,10,9
28,15016855,99,10,9,10,10,10,10
29,22171449,88,9,9,9,9,10,9
30,35987762,100,10,10,10,10,10,10
31,27744532,100,10,10,10,10,10,10
32,19925329,99,10,10,10,10,10,10
33,20080880,95,10,10,10,10,10,9
34,42710739,75,9,8,10,10,10,8
35,32214235,87,9,8,9,9,9,8
36,17044611,80,10,10,8,6,10,10
37,43870523,98,10,10,10,10,10,9
38,315698,94,10,10,10,10,10,10
39,24474346,93,10,9,10,10,10,9
40,14820885,0,0,0,0,0,0,0
41,25069244,98,10,10,10,10,10,10
42,23691939,98,10,10,10,10,10,10
43,42934298,0,0,0,0,0,0,0
44,38348570,93,9,10,9,10,10,9
45,23320930,96,10,10,10,10,10,10
46,28355597,100,10,10,10,10,10,9
47,32519005,100,10,10,10,10,10,10
48,20832716,90,9,9,10,10,10,9
49,14786380,0,0,0,0,0,0,0
50,36145170,94,10,10,9,10,10,9
51,23143645,94,9,10,10,10,10,9
52,43565502,0,0,0,0,0,0,0
53,24345835,98,10,10,10,10,10,9
54,17401645,0,0,0,0,0,0,0
55,45905836,0,0,0,0,0,0,0
56,45429806,0,0,0,0,0,0,0
57,19639031,97,10,10,10,10,9,9
58,9486894,0,0,0,0,0,0,0
59,37791775,0,0,0,0,0,0,0
60,13907675,70,7,4,10,10,10,9
61,40878544,100,10,4,10,10,10,10
62,17512351,0,0,0,0,0,0,0
63,37362641,99,10,10,10,10,10,10
64,11211533,98,10,10,10,10,10,10
65,39882858,0,0,0,0,0,0,0
66,39917184,100,10,10,10,10,10,10
67,3048852,96,10,9,10,10,10,10
68,38929987,0,0,0,0,0,0,0
69,7581366,85,9,9,9,9,9,9
70,8404040,100,10,8,10,10,10,10
71,23261309,0,0,0,0,0,0,0
72,1550394,93,10,9,10,10,10,9
73,37736714,100,10,10,10,10,9,10
74,44679868,100,10,10,10,10,10,10
75,34277908,100,10,8,10,10,10,8
76,24679151,0,0,0,0,0,0,0
77,34034364,99,10,10,10,10,10,10
78,32041497,0,0,0,0,0,0,0
79,14443993,99,10,10,10,10,10,10
80,6991430,98,10,10,10,10,10,10
81,5103919,100,9,10,10,10,10,9
82,33109599,0,0,0,0,0,0,0
83,44070649,98,10,10,10,10,10,10
84,36540397,100,10,10,10,10,10,10
85,32887311,0,0,0,0,0,0,0
86,20583510,95,10,10,9,10,10,9
87,37293917,0,0,0,0,0,0,0
88,27739022,90,10,6,9,10,10,9
89,28240824,91,10,9,10,10,10,9
90,17700516,93,10,10,10,10,10,9
91,40018460,100,10,10,9,10,10,10
92,27559327,100,10,10,10,10,10,10
93,34461635,100,10,9,10,10,9,10
94,34854129,0,0,0,0,0,0,0
95,7546933,84,9,9,10,10,9,8
96,33341098,80,9,9,10,10,10,9
97,8928575,0,0,0,0,0,0,0
98,30528455,0,0,0,0,0,0,0
99,25241682,85,9,10,8,9,8,8
100,31581573,94,9,9,10,10,10,9
101,36698105,100,10,10,10,10,10,10
102,22074333,100,10,10,10,10,10,10
103,26835154,80,9,9,10,9,10,9
104,26330796,86,9,8,9,9,10,8
105,34338272,98,10,10,10,10,10,9
106,30555175,0,0,0,0,0,0,0
107,29073101,100,10,10,10,10,10,10
108,33990450,100,10,10,10,10,10,8
109,6922683,90,10,10,10,10,10,10
110,27417706,90,9,10,10,10,8,9
111,44637652,100,10,10,9,10,9,10
112,32638148,100,10,10,10,10,10,10
113,37906802,100,10,10,10,9,10,9
114,20630404,96,10,9,10,10,10,10
115,21558196,100,10,10,10,10,9,9
116,15270427,98,10,10,10,10,10,10
117,23387578,97,10,10,10,10,10,9
118,32054227,97,10,10,10,10,10,10
119,43184996,100,10,10,10,10,10,9
120,17857327,0,0,0,0,0,0,0
121,23107964,99,10,10,10,10,10,10
122,20369791,94,10,9,10,10,10,9
123,32469518,100,10,10,10,10,10,8
124,20115998,100,10,9,10,10,9,9
125,13406887,0,0,0,0,0,0,0
126,16657391,97,10,10,10,10,10,10
127,22996256,100,10,10,10,10,10,6
128,24435847,93,10,9,10,9,9,9
129,23913578,94,10,10,10,10,10,10
130,3403635,100,10,10,10,10,9,10
131,19741787,100,10,10,10,10,10,10
132,14005777,37,5,4,7,6,8,5
133,19718123,94,9,9,9,10,10,10
134,17418540,99,10,10,10,10,10,10
135,16437324,0,0,0,0,0,0,0
136,16309834,80,8,8,8,8,10,8
137,23281477,91,10,10,9,10,10,9
138,13449542,100,10,10,8,10,10,8
139,13450711,92,10,10,10,10,10,9
140,19290846,99,10,10,10,10,10,10
141,15917752,96,10,10,9,10,10,9
142,44889590,0,0,0,0,0,0,0
143,39265432,100,10,10,10,10,10,8
144,11008133,96,10,10,10,10,10,9
145,22225921,82,9,8,9,9,10,9
146,38722647,100,10,10,10,10,10,10
147,4971945,100,10,10,10,10,10,10
148,27688082,94,10,9,10,10,10,9
149,36335292,0,0,0,0,0,0,0
150,1706795,0,0,0,0,0,0,0
151,45683271,100,10,10,10,10,10,10
152,2372993,97,10,10,10,10,10,10
153,28078766,92,9,8,10,10,9,9
154,38846819,0,0,0,0,0,0,0
155,41757440,0,0,0,0,0,0,0
156,22967131,100,10,10,10,10,10,9
157,31661855,99,10,10,10,10,10,10
158,42802114,97,9,10,10,10,10,10
159,36589636,97,10,10,10,10,10,9
160,13405654,98,10,10,10,10,10,10
161,4257111,97,10,9,10,10,10,9
162,38695108,100,10,9,10,7,10,10
163,6929078,94,10,9,10,10,10,9
164,3511811,93,9,10,10,10,9,9
165,9293644,97,10,10,10,10,10,9
166,38112673,93,10,9,10,10,10,9
167,18404001,98,10,10,10,10,10,10
168,11448467,96,10,10,10,10,10,10
169,13949040,93,9,10,9,10,10,9
170,34766916,92,10,10,10,9,10,9
171,13487856,0,0,0,0,0,0,0
172,22696576,0,0,0,0,0,0,0
173,31335622,0,0,0,0,0,0,0
174,22348374,94,9,10,9,9,10,9
175,21350202,96,10,10,10,10,10,9
176,11255268,96,9,10,10,10,9,9
177,14838168,87,9,9,9,9,10,8
178,40716587,100,10,10,10,10,10,9
179,5422346,99,10,10,10,10,10,10
180,44658751,100,10,9,10,9,10,10
181,24295594,98,10,10,10,10,10,9
182,8104897,98,10,10,10,10,10,9
183,32812736,84,9,8,10,10,10,9
184,32788024,96,10,10,10,10,10,9
185,17901826,99,10,10,10,10,10,10
186,12299410,99,10,10,10,10,10,10
187,10048879,0,0,0,0,0,0,0
188,21305804,0,0,0,0,0,0,0
189,38821502,90,10,10,10,7,9,10
190,35511291,100,10,9,10,10,10,10
191,8147468,100,10,10,10,10,10,10
192,34506202,0,0,0,0,0,0,0
193,17682372,94,10,9,9,10,10,9
194,32359285,97,10,10,10,10,10,9
195,21543355,97,10,9,10,10,10,10
196,23697187,97,10,9,10,10,10,9
197,25494259,93,10,9,10,10,10,10
198,42403901,98,10,10,10,10,9,9
199,26118026,100,10,9,10,10,10,10
200,22896138,98,10,10,9,10,9,9
201,6763724,98,10,10,10,10,10,10
202,19569798,98,10,10,10,10,10,9
203,33093413,0,0,0,0,0,0,0
204,28220621,100,10,10,10,10,10,10
205,35790141,100,8,10,10,10,10,10
206,42398313,0,0,0,0,0,0,0
207,24203388,94,10,10,9,10,10,9
208,17555207,96,10,9,10,10,10,9
209,23391419,95,10,10,9,10,10,9
210,44193833,100,10,10,10,10,10,10
211,12709042,96,10,10,10,10,10,10
212,20832705,95,10,10,10,10,10,9
213,34838791,98,10,10,10,10,10,9
214,26514039,96,10,10,10,10,9,10
215,19465304,100,10,10,10,10,10,8
216,44012077,94,10,9,9,10,10,9
217,31681252,100,10,10,10,10,10,10
218,34180796,71,8,7,8,9,9,8
219,17458098,0,0,0,0,0,0,0
220,40103275,98,10,10,10,10,10,10
221,36255646,0,0,0,0,0,0,0
222,8160678,0,0,0,0,0,0,0
223,10647116,95,10,9,10,9,10,9
224,21615324,96,10,10,9,10,10,10
225,1276002,98,10,10,10,10,9,10
226,35439735,95,10,10,9,10,10,10
227,32158280,0,0,0,0,0,0,0
228,36096666,0,0,0,0,0,0,0
229,32484066,0,0,0,0,0,0,0
230,6667856,97,10,10,10,10,10,10
231,28154812,94,10,9,10,10,10,9
232,27419661,95,10,9,10,10,10,9
233,28599630,87,10,10,10,10,10,9
234,32158155,100,8,10,10,10,10,10
235,32486532,80,10,10,8,8,8,8
236,33184903,100,10,10,10,10,8,8
237,41807055,0,0,0,0,0,0,0
238,39243068,0,0,0,0,0,0,0
239,31173037,0,0,0,0,0,0,0
240,43633498,100,10,10,10,10,10,10
241,36132141,60,7,5,8,7,9,7
242,32720790,88,9,9,10,9,10,9
243,42511644,99,10,10,10,10,10,10
244,30316922,95,10,10,10,10,10,10
245,24293919,96,10,9,10,10,10,10
246,39722343,0,0,0,0,0,0,0
247,34479514,97,10,10,10,10,10,10
248,43686792,100,10,10,10,10,10,9
249,36977242,97,10,10,10,10,10,9
250,34433355,100,10,10,10,10,10,10
251,21971910,100,10,10,10,10,10,10
252,13824162,89,9,8,10,10,9,9
253,42014543,100,10,10,10,10,10,10
254,32918518,100,10,10,10,10,10,10
255,23388503,97,10,10,10,10,10,9
256,45281033,0,0,0,0,0,0,0
257,15204058,92,9,9,10,10,10,9
258,32941269,0,0,0,0,0,0,0
259,37523993,80,9,10,10,10,10,9
260,35701503,98,10,10,10,10,10,10
261,41416448,80,8,9,7,10,9,8
262,25504427,74,8,7,9,9,7,7
263,27886075,100,10,10,10,10,10,10
264,34381279,0,0,0,0,0,0,0
265,34640460,93,10,10,10,10,9,10
266,39792392,98,10,10,10,10,10,10
267,36647879,95,10,10,10,10,10,9
268,20275691,98,10,9,10,10,10,10
269,11765526,0,0,0,0,0,0,0
270,39251801,96,10,10,10,10,10,9
271,21067691,96,9,9,10,10,9,9
272,44239393,0,0,0,0,0,0,0
273,35577845,91,9,9,10,9,10,9
274,40339588,0,0,0,0,0,0,0
275,11505432,96,9,10,10,10,10,9
276,45483905,0,0,0,0,0,0,0
277,7909754,100,8,8,10,10,10,8
278,36270266,100,10,10,10,10,10,10
279,17335064,91,9,9,9,9,10,9
280,18771887,89,9,9,9,9,9,8
281,18482772,94,10,8,10,10,9,9
282,37828902,96,10,10,10,10,10,9
283,24755737,100,10,9,10,10,9,9
284,6104315,100,10,10,10,10,10,10
285,22349629,89,9,9,9,9,8,8
286,17506865,0,0,0,0,0,0,0
287,18146039,88,9,9,10,9,10,10
288,36939846,100,10,9,10,10,10,9
289,20153590,100,10,10,10,10,10,10
290,18115505,91,9,9,9,9,9,9
291,27996150,90,10,9,9,10,10,9
292,29878637,100,10,10,10,10,10,10
293,27819303,89,9,9,9,10,9,9
294,22210079,97,10,10,10,10,10,10
295,31972391,99,10,10,10,10,10,10
296,22117976,40,6,2,10,8,8,6
297,22710090,100,10,10,10,10,10,10
298,23340344,99,10,10,10,10,10,10
299,28479813,88,10,9,9,10,10,9
300,33157482,100,8,10,10,8,8,10
301,32077391,98,10,9,10,10,10,10
302,28772290,98,10,10,10,10,10,10
303,23341704,96,10,10,10,10,10,10
304,34852191,91,9,9,9,10,10,9
305,28464291,100,10,10,10,10,10,10
306,34803323,98,10,10,10,10,10,10
307,22902798,99,10,10,10,10,9,9
308,25424971,97,10,10,10,10,10,10
309,23721347,100,10,10,10,10,10,9
310,29272081,87,9,8,10,10,9,9
311,27751606,100,10,10,10,10,10,10
312,14922994,99,10,10,10,10,10,10
313,27383413,99,10,10,10,10,10,10
314,37460254,100,10,10,10,10,10,10
315,26632409,89,10,9,9,10,7,9
316,18781803,94,10,9,10,10,9,9
317,32951729,0,0,0,0,0,0,0
318,21238744,95,10,10,10,10,9,9
319,12567097,96,10,10,10,10,10,9
320,32679988,40,2,4,10,10,4,2
321,21085980,97,10,10,10,10,10,10
322,24889576,95,10,10,10,10,9,10
323,16014387,94,10,10,10,10,10,9
324,21633615,100,10,10,10,10,10,10
325,14770396,85,9,9,9,9,9,9
326,17584971,0,0,0,0,0,0,0
327,18515537,81,9,9,9,9,10,8
328,22546629,100,10,10,10,10,10,10
329,18501689,0,0,0,0,0,0,0
330,18468018,84,9,9,10,9,9,8
331,14645775,84,9,7,8,8,8,9
332,22434827,100,10,10,10,10,10,10
333,19295178,60,8,8,6,8,10,8
334,19112295,99,10,10,10,10,9,10
335,16751516,84,9,8,10,10,9,8
336,18419976,97,10,10,10,10,9,10
337,26146733,99,10,10,10,10,10,10
338,16600911,92,9,9,10,9,8,9
339,16357599,0,0,0,0,0,0,0
340,15482095,100,10,9,10,10,10,10
341,37565537,0,0,0,0,0,0,0
342,40193697,100,10,10,10,10,10,10
343,44335902,100,10,10,10,10,10,10
344,18808719,100,10,10,10,10,0,0
345,27136925,99,10,9,10,10,10,10
346,14898821,96,10,10,10,10,10,10
347,3394094,95,10,10,10,10,10,10
348,41902290,100,10,10,10,10,10,10
349,8005634,95,10,9,10,10,10,9
350,41146674,100,10,10,10,10,10,9
351,40650927,0,0,0,0,0,0,0
352,36985460,92,10,8,10,10,9,9
353,11840083,93,9,9,10,9,9,9
354,23876808,88,9,8,9,9,10,9
355,32755458,97,10,9,10,10,10,10
356,44795509,80,10,8,8,8,10,8
357,33554254,92,9,8,10,10,10,9
358,14466747,91,10,10,10,10,9,10
359,18039485,100,10,10,10,10,10,10
360,26806449,95,10,9,10,10,9,10
361,32177750,97,10,10,9,10,10,9
362,36941787,99,10,10,10,10,10,9
363,27080487,80,9,7,10,10,9,9
364,32686821,95,10,9,9,10,10,10
365,14813014,100,10,10,10,10,10,8
366,18646245,97,10,10,10,10,10,10
367,8250941,100,10,10,10,10,10,10
368,32122537,0,0,0,0,0,0,0
369,14208220,70,10,6,10,6,8,7
370,23751430,97,10,10,10,10,10,10
371,15114011,100,10,10,10,10,10,9
372,12202681,80,9,7,9,9,9,8
373,13523578,0,0,0,0,0,0,0
374,6580464,96,10,10,10,10,10,10
375,18765494,80,10,9,10,10,7,8
376,15490755,0,0,0,0,0,0,0
377,40533223,90,10,10,10,10,10,10
378,16983050,100,10,10,10,10,10,10
379,6672440,97,10,9,10,10,10,10
380,30545547,80,10,8,10,10,10,6
381,37962744,100,10,9,10,10,10,10
382,26745549,73,9,7,7,7,9,9
383,34800427,93,9,10,10,10,9,9
384,44938429,100,10,10,10,10,10,10
385,44319960,94,10,9,9,10,10,10
386,41202091,80,10,8,10,10,10,6
387,9722299,80,10,10,8,10,8,10
388,36797053,90,10,9,10,9,8,8
389,13757779,84,10,7,10,10,9,8
390,18866980,95,10,9,10,10,10,10
391,28250353,93,10,9,9,10,10,9
392,35085606,76,9,8,10,9,10,9
393,3270860,86,8,8,9,9,9,9
394,20068563,99,10,10,10,10,10,10
395,18459855,99,10,10,10,10,10,10
396,31817062,81,9,8,9,9,10,8
397,36058680,96,10,10,10,10,10,9
398,45652930,0,0,0,0,0,0,0
399,8019732,100,10,10,9,10,10,10
400,34552881,89,9,8,10,10,9,9
401,24147541,98,10,10,10,10,10,10
402,35366258,98,10,10,10,10,10,10
403,30456517,100,9,9,9,9,8,8
404,23029896,100,10,10,10,10,10,10
405,20030177,92,10,9,10,10,10,10
406,33865583,0,0,0,0,0,0,0
407,38751767,89,9,9,9,9,8,9
408,19691279,97,10,10,10,10,10,9
409,6580812,92,9,9,10,9,10,9
410,20062216,80,10,4,10,10,10,8
411,30711439,0,0,0,0,0,0,0
412,21944047,0,0,0,0,0,0,0
413,43769305,0,0,0,0,0,0,0
414,30050192,100,10,9,9,10,10,10
415,9224676,89,9,9,10,9,9,9
416,12226646,100,10,10,10,10,10,10
417,16801749,100,10,9,10,10,10,10
418,44996087,100,10,10,10,10,10,10
419,44593536,0,0,0,0,0,0,0
420,9785317,91,9,9,10,10,9,9
421,32186257,0,0,0,0,0,0,0
422,28451100,100,10,10,10,10,10,10
423,42889156,0,0,0,0,0,0,0
424,29445643,90,10,9,10,10,9,8
425,6385487,98,10,10,10,10,10,10
426,34504333,96,9,10,10,10,10,10
427,14073206,0,0,0,0,0,0,0
428,19823237,0,0,0,0,0,0,0
429,36794714,0,0,0,0,0,0,0
430,6269962,100,10,10,10,10,10,10
431,35903197,88,10,9,9,9,9,8
432,30822632,100,10,10,10,10,10,10
433,33385705,93,9,9,9,10,10,9
434,44982027,100,10,10,10,10,10,10
435,41717943,88,9,9,10,10,10,10
436,11719759,90,10,10,10,10,10,9
437,45138112,100,9,10,10,10,10,10
438,24881213,80,8,9,8,8,9,8
439,21836728,97,10,9,10,10,10,9
440,32013644,96,10,10,10,10,10,10
441,42703340,90,8,10,10,9,9,10
442,33045422,0,0,0,0,0,0,0
443,40653866,0,0,0,0,0,0,0
444,1244710,92,9,9,10,10,9,9
445,6905248,60,8,10,10,8,6,6
446,26494749,98,10,10,10,10,10,10
447,29735483,95,10,9,10,10,10,9
448,26650366,91,10,8,10,10,10,8
449,39243743,80,10,4,10,10,6,4
450,40980942,80,8,6,6,10,10,8
451,43920590,0,0,0,0,0,0,0
452,41201850,100,10,10,10,10,10,10
453,18590148,80,10,9,10,10,9,9
454,17740404,95,10,9,10,10,10,9
455,42707835,0,0,0,0,0,0,0
456,19700453,0,0,0,0,0,0,0
457,27325639,97,10,10,10,10,10,10
458,4074848,98,10,10,10,10,10,10
459,44086506,90,10,10,10,10,10,9
460,23526035,98,10,10,9,10,9,9
461,45378526,100,10,10,10,10,10,10
462,40122817,100,10,10,10,10,10,9
463,21967179,99,10,10,10,10,10,10
464,18212817,98,10,10,10,10,10,10
465,1488124,96,10,9,10,10,10,10
466,3104001,96,10,9,10,10,10,10
467,41109386,100,8,10,8,10,8,6
468,26128805,96,10,10,10,10,9,9
469,23107282,99,10,10,10,10,10,10
470,42228130,0,0,0,0,0,0,0
471,21863049,95,10,10,9,9,10,10
472,45131825,100,10,10,10,10,10,10
473,522667,96,10,10,10,10,10,10
474,20583531,91,9,9,10,10,9,8
475,39907972,0,0,0,0,0,0,0
476,25408614,89,7,9,10,10,10,8
477,22560514,0,0,0,0,0,0,0
478,36137911,100,10,10,10,10,10,10
479,18109464,95,10,10,10,10,10,10
480,37828989,92,10,8,10,10,10,10
481,39734310,100,10,10,10,10,10,10
482,11418545,0,0,0,0,0,0,0
483,22206103,100,10,10,10,10,10,10
484,44093349,100,10,10,10,10,10,10
485,30557062,100,10,10,10,10,10,6
486,5441663,100,10,10,10,10,10,4
487,13407342,100,10,10,10,10,10,10
488,13707984,95,10,9,10,10,9,10
489,24910848,91,9,10,10,9,9,9
490,20182305,92,10,10,10,10,9,9
491,43929115,98,10,10,10,10,10,10
492,20670667,96,10,10,10,10,10,9
493,30673135,99,10,10,10,10,10,10
494,21988402,100,10,10,10,10,9,10
495,11137294,81,9,9,10,9,9,9
496,22949024,98,10,9,10,10,10,10
497,28960101,80,8,8,10,8,10,10
498,42201609,0,0,0,0,0,0,0
499,26988324,0,0,0,0,0,0,0
500,42574507,0,0,0,0,0,0,0
501,43800502,99,10,10,10,10,10,10
502,32719821,84,9,7,8,8,10,8
503,12142926,92,10,9,10,10,10,9
504,18340688,100,10,10,10,10,0,0
505,40461673,96,10,10,10,10,10,9
506,12200071,93,10,9,10,10,10,10
507,17574284,99,10,10,10,10,10,9
508,34963638,93,10,9,10,9,10,8
509,25001161,83,8,8,10,10,9,8
510,14972466,80,9,8,10,9,9,9
511,1173029,96,10,9,9,9,10,10
512,23750298,90,9,9,10,10,9,9
513,8348261,0,0,0,0,0,0,0
514,31533727,0,0,0,0,0,0,0
515,15970133,91,9,10,9,9,9,9
516,33821061,0,0,0,0,0,0,0
517,18799672,100,10,10,10,10,8,10
518,13671489,91,10,9,10,10,10,9
519,34573629,100,10,10,10,10,10,10
520,19238293,97,10,10,10,10,10,9
521,24029554,80,8,6,10,6,6,6
522,34835160,88,9,8,10,10,10,9
523,39793402,0,0,0,0,0,0,0
524,18541533,93,10,9,9,10,10,9
525,17675992,60,7,8,8,7,7,6
526,17990079,91,10,9,10,9,9,9
527,8280755,100,9,10,10,10,9,10
528,14347016,100,10,10,10,10,9,10
529,9612987,91,10,9,10,10,10,9
530,34181391,83,9,8,10,10,9,7
531,37794773,100,10,10,10,10,10,10
532,18122167,98,10,10,9,10,10,10
533,41951707,93,9,9,9,10,9,10
534,16412859,0,0,0,0,0,0,0
535,7090693,90,10,10,10,10,10,10
536,17537997,80,10,8,9,9,10,10
537,14422707,96,10,10,10,10,10,9
538,34552875,85,9,8,9,9,9,9
539,34299074,100,10,10,10,10,10,10
540,6834535,95,10,10,10,10,10,9
541,19862341,100,10,10,10,10,10,10
542,37812592,0,0,0,0,0,0,0
543,16888447,100,10,10,10,10,10,10
544,21560059,96,10,10,10,10,9,9
545,36939992,88,9,8,10,10,9,9
546,15250887,99,10,10,10,10,10,10
547,18561575,95,10,9,10,10,10,10
548,6289736,80,8,7,10,10,10,7
549,41685743,0,0,0,0,0,0,0
550,41044786,0,0,0,0,0,0,0
551,37319701,100,10,10,10,10,10,10
552,40085518,0,0,0,0,0,0,0
553,9126603,90,9,8,10,9,9,9
554,27415955,95,10,9,10,10,10,10
555,13783906,93,9,10,10,10,9,9
556,13273818,88,9,8,9,10,10,9
557,33341278,97,10,9,10,10,10,10
558,24923933,89,9,9,10,10,10,9
559,26741673,0,0,0,0,0,0,0
560,1520036,91,9,8,9,9,9,9
561,11728466,97,10,10,10,10,10,10
562,6509140,93,10,10,10,10,9,9
563,43709372,100,10,10,10,10,10,10
564,20605858,95,10,9,10,10,10,9
565,25288603,97,10,10,10,10,9,10
566,20065239,97,10,10,10,10,10,10
567,21959823,100,10,10,10,10,8,10
568,28607589,95,10,10,10,10,10,9
569,21524689,83,9,9,9,9,10,8
570,21971625,95,10,9,10,10,10,9
571,16321861,98,10,10,10,10,10,10
572,27106492,0,0,0,0,0,0,0
573,4080295,100,10,10,10,10,8,8
574,24935310,98,10,10,10,10,9,10
575,45632645,0,0,0,0,0,0,0
576,25448238,98,10,10,10,10,9,9
577,20191481,98,10,10,10,10,10,10
578,31793464,0,0,0,0,0,0,0
579,23542611,97,10,10,10,10,10,10
580,22305858,97,10,10,10,10,10,10
581,6525248,96,10,9,10,10,10,10
582,45431256,0,0,0,0,0,0,0
583,40650783,98,10,10,10,10,9,10
584,19640689,96,10,10,10,10,10,9
585,34572876,0,0,0,0,0,0,0
586,9574279,0,0,0,0,0,0,0
587,25929687,80,9,8,10,9,9,8
588,11565492,100,10,10,10,10,10,10
589,5441442,90,9,9,10,10,10,9
590,16162721,87,9,9,9,9,10,9
591,5667505,98,10,10,10,10,10,9
592,34861194,97,10,9,10,10,10,10
593,35489321,97,10,10,10,10,10,10
594,42776639,96,10,10,9,9,9,9
595,6914056,88,9,9,8,9,9,8
596,20584129,99,10,10,10,10,10,10
597,32210288,93,10,9,9,9,9,9
598,16109288,91,10,10,9,10,10,10
599,19631195,100,10,10,10,10,10,10
600,36552373,94,10,10,10,10,10,10
601,31650884,92,9,9,9,9,9,8
602,34367082,100,10,8,10,10,10,10
603,42912139,0,0,0,0,0,0,0
604,18455608,94,10,10,10,10,10,10
605,17167961,100,10,10,10,10,9,10
606,22247451,97,10,10,10,10,10,9
607,13833308,100,10,10,10,10,10,10
608,27629266,90,10,8,10,10,9,10
609,14551890,94,10,9,10,10,10,9
610,33950521,99,10,10,10,10,10,10
611,11013301,100,10,10,10,10,10,10
612,24296752,87,9,9,9,9,9,9
613,32337392,99,10,10,10,10,10,10
614,23161470,90,10,8,10,10,10,10
615,10961041,92,10,9,10,10,9,9
616,27622492,99,10,10,10,10,10,10
617,23846941,0,0,0,0,0,0,0
618,34286666,100,10,10,10,10,10,10
619,36389876,100,10,8,10,10,10,8
620,4798904,97,10,10,10,10,10,10
621,15892986,95,10,10,10,10,9,9
622,44339295,0,0,0,0,0,0,0
623,29642577,0,0,0,0,0,0,0
624,8679787,96,10,9,10,9,10,9
625,23622929,89,8,9,9,9,9,8
626,17698717,90,9,10,10,10,8,9
627,41764986,0,0,0,0,0,0,0
628,35648044,99,10,10,10,10,9,10
629,4208186,96,10,10,10,10,10,9
630,23373526,100,10,10,10,10,9,10
631,12277186,90,9,6,9,10,7,8
632,33162291,100,10,9,10,10,10,10
633,13888406,99,10,10,10,10,10,10
634,29922222,100,10,10,10,10,10,10
635,15128996,95,10,9,10,10,9,9
636,14084845,100,10,10,10,10,10,10
637,18093201,92,10,10,9,9,10,9
638,13484617,0,0,0,0,0,0,0
639,25052713,95,10,10,10,10,9,10
640,43035983,100,10,10,10,10,10,10
641,23466447,92,10,10,10,10,10,9
642,5391659,95,10,9,10,10,10,9
643,19307344,94,9,10,10,10,9,9
644,13923173,99,10,10,10,10,10,10
645,22628774,96,10,10,10,10,10,10
646,35634746,60,8,6,9,10,10,8
647,1929739,98,10,10,10,10,9,9
648,39584747,0,0,0,0,0,0,0
649,14650502,98,10,10,10,10,9,9
650,24918422,80,8,7,10,10,8,9
651,22278663,97,10,10,10,10,10,9
652,33067095,94,10,8,9,10,9,9
653,32357992,0,0,0,0,0,0,0
654,21418961,0,0,0,0,0,0,0
655,33609032,0,0,0,0,0,0,0
656,19130837,100,10,10,10,10,10,8
657,34648829,0,0,0,0,0,0,0
658,19027676,0,0,0,0,0,0,0
659,16779325,98,9,9,10,10,9,10
660,42755115,0,0,0,0,0,0,0
661,43819452,0,0,0,0,0,0,0
662,21086214,93,9,10,10,10,10,8
663,38645199,98,10,10,10,10,9,9
664,32058118,0,0,0,0,0,0,0
665,30583858,100,8,6,10,10,10,8
666,32035337,70,7,7,10,10,9,7
667,6895847,95,10,10,10,10,10,10
668,34470238,93,10,10,10,10,10,10
669,17667273,94,9,10,10,10,9,10
670,28300651,96,10,10,10,10,10,10
671,15924158,80,10,6,10,10,9,8
672,44063459,96,10,9,10,10,10,10
673,23447225,96,10,9,9,9,9,9
674,42969186,0,0,0,0,0,0,0
675,4313059,96,10,10,10,9,10,10
676,1896821,91,10,10,10,10,9,9
677,11522656,0,0,0,0,0,0,0
678,38191185,90,8,9,10,10,10,8
679,11810725,95,10,10,10,10,9,10
680,45454033,0,0,0,0,0,0,0
681,4848129,0,0,0,0,0,0,0
682,36352557,100,10,10,10,10,10,10
683,40940666,0,0,0,0,0,0,0
684,44444757,0,0,0,0,0,0,0
685,42164310,100,10,10,10,10,10,10
686,6756249,65,7,6,10,10,9,7
687,44458772,0,0,0,0,0,0,0
688,34279157,100,10,10,10,10,10,10
689,9820907,73,7,7,9,8,8,8
690,19187100,96,10,10,10,10,9,10
691,32932791,97,10,10,10,10,9,10
692,4998283,93,10,10,10,10,9,9
693,35228077,87,9,9,9,9,10,9
694,7692164,97,10,10,10,10,10,10
695,5570664,90,10,10,8,10,9,9
696,5496959,91,10,9,10,10,9,9
697,3851295,96,10,10,10,10,10,10
698,38819988,100,10,10,10,10,10,10
699,3384434,96,10,9,10,10,9,10
700,19358735,100,10,10,10,10,10,10
